Accession ID	Collection date	Submission date	Location
EPI_ISL_1016508	2021-01-20	2021-02-17	Europe / Bosnia and Herzegovina / Sarajevo
EPI_ISL_1016690	2020-12-25	2021-02-17	Europe / Bosnia and Herzegovina / Sarajevo
EPI_ISL_1016822	2021-01-15	2021-02-17	Europe / Bosnia and Herzegovina / Sarajevo
EPI_ISL_1016842	2021-01-16	2021-02-17	Europe / Bosnia and Herzegovina / Sarajevo
EPI_ISL_1016843	2021-01-28	2021-02-17	Europe / Bosnia and Herzegovina / Sarajevo
EPI_ISL_1016884	2021-02-04	2021-02-17	Europe / Bosnia and Herzegovina / Zenica
EPI_ISL_1016885	2021-02-05	2021-02-17	Europe / Bosnia and Herzegovina / Zenica
EPI_ISL_1016968	2021-02-09	2021-02-17	Europe / Bosnia and Herzegovina / Zenica
EPI_ISL_1016969	2021-02-09	2021-02-17	Europe / Bosnia and Herzegovina / Zenica
EPI_ISL_1016970	2021-02-11	2021-02-17	Europe / Bosnia and Herzegovina / Sarajevo
EPI_ISL_11402262	2021-09-02	2022-03-25	Europe / Bosnia and Herzegovina / Republika Srpska / Sipovo
EPI_ISL_11402263	2021-09-02	2022-03-25	Europe / Bosnia and Herzegovina / Republika Srpska / BanjaLuka
EPI_ISL_11402264	2021-09-02	2022-03-25	Europe / Bosnia and Herzegovina / Republika Srpska / BanjaLuka
EPI_ISL_11402266	2021-09-03	2022-03-25	Europe / Bosnia and Herzegovina / Republika Srpska / Sipovo
EPI_ISL_11402267	2021-09-15	2022-03-25	Europe / Bosnia and Herzegovina / Republika Srpska / BanjaLuka
EPI_ISL_11402268	2021-09-21	2022-03-25	Europe / Bosnia and Herzegovina / Republika Srpska / Ribnik
EPI_ISL_11402269	2021-09-27	2022-03-25	Europe / Bosnia and Herzegovina / Republika Srpska / BanjaLuka
EPI_ISL_11402271	2021-11-09	2022-03-25	Europe / Bosnia and Herzegovina / Republika Srpska / BanjaLuka
EPI_ISL_11402272	2021-11-11	2022-03-25	Europe / Bosnia and Herzegovina / Republika Srpska / BanjaLuka
EPI_ISL_11402273	2021-12-02	2022-03-25	Europe / Bosnia and Herzegovina / Republika Srpska / BanjaLuka
EPI_ISL_11402274	2021-12-06	2022-03-25	Europe / Bosnia and Herzegovina / Republika Srpska / BanjaLuka
EPI_ISL_11402275	2021-12-06	2022-03-25	Europe / Bosnia and Herzegovina / Republika Srpska / BanjaLuka
EPI_ISL_11402276	2021-12-06	2022-03-25	Europe / Bosnia and Herzegovina / Republika Srpska / BanjaLuka
EPI_ISL_11402277	2021-12-06	2022-03-25	Europe / Bosnia and Herzegovina / Republika Srpska / BanjaLuka
EPI_ISL_11402278	2021-12-06	2022-03-25	Europe / Bosnia and Herzegovina / Republika Srpska / BanjaLuka
EPI_ISL_11402279	2021-12-08	2022-03-25	Europe / Bosnia and Herzegovina / Republika Srpska / Prijedor
EPI_ISL_11402280	2021-12-08	2022-03-25	Europe / Bosnia and Herzegovina / Republika Srpska / KozarskaDubica
EPI_ISL_11402281	2021-12-08	2022-03-25	Europe / Bosnia and Herzegovina / Republika Srpska / KozarskaDubica
EPI_ISL_11402290	2022-02-02	2022-03-25	Europe / Bosnia and Herzegovina / Republika Srpska / Trebinje
EPI_ISL_11402291	2022-02-02	2022-03-25	Europe / Bosnia and Herzegovina / Republika Srpska / Celinac
EPI_ISL_11402292	2022-02-03	2022-03-25	Europe / Bosnia and Herzegovina / Republika Srpska / Gacko
EPI_ISL_11402293	2022-02-03	2022-03-25	Europe / Bosnia and Herzegovina / Republika Srpska / Kasindo
EPI_ISL_11402294	2022-02-16	2022-03-25	Europe / Bosnia and Herzegovina / Republika Srpska / BanjaLuka
EPI_ISL_11402295	2022-02-21	2022-03-25	Europe / Bosnia and Herzegovina / Republika Srpska / BanjaLuka
EPI_ISL_1240071	2021-03-07	2021-03-14	Europe / Bosnia and Herzegovina / Sarajevo
EPI_ISL_1240072	2021-03-07	2021-03-14	Europe / Bosnia and Herzegovina / Sarajevo
EPI_ISL_1240073	2021-03-08	2021-03-14	Europe / Bosnia and Herzegovina / Sarajevo
EPI_ISL_1240074	2021-03-08	2021-03-14	Europe / Bosnia and Herzegovina / Sarajevo
EPI_ISL_1240075	2021-03-08	2021-03-14	Europe / Bosnia and Herzegovina / Sarajevo
EPI_ISL_1240076	2021-03-08	2021-03-14	Europe / Bosnia and Herzegovina / Sarajevo
EPI_ISL_1300645	2021-02-24	2021-03-20	Europe / Bosnia and Herzegovina / Ilidza
EPI_ISL_1300646	2021-03-04	2021-03-20	Europe / Bosnia and Herzegovina / Zavidovici
EPI_ISL_1300647	2021-03-07	2021-03-20	Europe / Bosnia and Herzegovina / Bihac
EPI_ISL_1300648	2021-03-07	2021-03-20	Europe / Bosnia and Herzegovina / Bihac
EPI_ISL_1300649	2021-03-08	2021-03-20	Europe / Bosnia and Herzegovina / Gorazde
EPI_ISL_1300650	2021-03-03	2021-03-20	Europe / Bosnia and Herzegovina / Ilidza
EPI_ISL_1300651	2021-03-15	2021-03-20	Europe / Bosnia and Herzegovina / Sarajevo
EPI_ISL_1300652	2021-03-03	2021-03-20	Europe / Bosnia and Herzegovina / Travnik
EPI_ISL_1300653	2021-03-08	2021-03-20	Europe / Bosnia and Herzegovina / Hadžići
EPI_ISL_1300654	2021-03-04	2021-03-20	Europe / Bosnia and Herzegovina / Kakanj
EPI_ISL_1300655	2021-03-04	2021-03-20	Europe / Bosnia and Herzegovina / Zenica
EPI_ISL_1300656	2021-03-15	2021-03-20	Europe / Bosnia and Herzegovina / Sarajevo
EPI_ISL_1300657	2021-03-07	2021-03-20	Europe / Bosnia and Herzegovina / Ilijas
EPI_ISL_1300658	2021-02-25	2021-03-20	Europe / Bosnia and Herzegovina / Ilijas
EPI_ISL_1300659	2021-02-24	2021-03-20	Europe / Bosnia and Herzegovina / Sarajevo
EPI_ISL_1653935	2021-02-21	2021-04-20	Europe / Bosnia and Herzegovina / Sarajevo
EPI_ISL_1731081	2021-02-08	2021-04-26	Europe / Bosnia and Herzegovina / Sarajevo
EPI_ISL_18238074	2022-10-15	2023-09-08	Europe / Bosnia and Herzegovina / Gorazde
EPI_ISL_2029122	2021-05-05	2021-05-12	Europe / Bosnia and Herzegovina / Sarajevo
EPI_ISL_2708955	2021-06-13	2021-06-28	Europe / Bosnia and Herzegovina / Visoko
EPI_ISL_2709213	2021-05-19	2021-06-28	Europe / Bosnia and Herzegovina / Bihac
EPI_ISL_2790388	2021-03-26	2021-07-02	Europe / Bosnia and Herzegovina / Republic of Srpska / Visegrad
EPI_ISL_2790389	2021-06-21	2021-07-02	Europe / Bosnia and Herzegovina / Republic of Srpska / BanjaLuka
EPI_ISL_2790390	2021-06-07	2021-07-02	Europe / Bosnia and Herzegovina / Republic of Srpska / Kotor Varos
EPI_ISL_2790391	2021-06-11	2021-07-02	Europe / Bosnia and Herzegovina / Republic of Srpska / Kotor Varos
EPI_ISL_2790392	2021-06-04	2021-07-02	Europe / Bosnia and Herzegovina / Republic of Srpska / Kotor Varos
EPI_ISL_2790393	2021-06-08	2021-07-02	Europe / Bosnia and Herzegovina / Republic of Srpska / Istocno Sarajevo
EPI_ISL_2790394	2021-06-16	2021-07-02	Europe / Bosnia and Herzegovina / Republic of Srpska / Mrkonjic Grad
EPI_ISL_2790395	2021-06-04	2021-07-02	Europe / Bosnia and Herzegovina / Republic of Srpska / Kotor Varos
EPI_ISL_2790396	2021-06-09	2021-07-02	Europe / Bosnia and Herzegovina / Republic of Srpska / Kotor Varos
EPI_ISL_2790397	2021-06-07	2021-07-02	Europe / Bosnia and Herzegovina / Republic of Srpska / BanjaLuka
EPI_ISL_2790398	2021-06-08	2021-07-02	Europe / Bosnia and Herzegovina / Republic of Srpska / Ribnik
EPI_ISL_2790399	2021-06-04	2021-07-02	Europe / Bosnia and Herzegovina / Republic of Srpska / Knezevo
EPI_ISL_2790400	2021-06-03	2021-07-02	Europe / Bosnia and Herzegovina / Republic of Srpska / Kotor Varos
EPI_ISL_2790401	2021-06-04	2021-07-02	Europe / Bosnia and Herzegovina / Republic of Srpska / Mrkonjic Grad
EPI_ISL_2790402	2021-04-08	2021-07-02	Europe / Bosnia and Herzegovina / Republic of Srpska / Laktasi
EPI_ISL_2790403	2021-04-08	2021-07-02	Europe / Bosnia and Herzegovina / Republic of Srpska / Prijedor
EPI_ISL_2790404	2021-04-08	2021-07-02	Europe / Bosnia and Herzegovina / Republic of Srpska / Laktasi
EPI_ISL_2790405	2021-04-08	2021-07-02	Europe / Bosnia and Herzegovina / Republic of Srpska / Prijedor
EPI_ISL_2790406	2021-04-08	2021-07-02	Europe / Bosnia and Herzegovina / Republic of Srpska / Laktasi
EPI_ISL_2790407	2021-04-08	2021-07-02	Europe / Bosnia and Herzegovina / Republic of Srpska / Srbac
EPI_ISL_2790408	2021-04-07	2021-07-02	Europe / Bosnia and Herzegovina / Republic of Srpska / Celinac
EPI_ISL_2790409	2021-04-08	2021-07-02	Europe / Bosnia and Herzegovina / Republic of Srpska / Mrkonjic Grad
EPI_ISL_2790410	2021-04-07	2021-07-02	Europe / Bosnia and Herzegovina / Republic of Srpska / Celinac
EPI_ISL_2790411	2021-04-08	2021-07-02	Europe / Bosnia and Herzegovina / Republic of Srpska / Prijedor
EPI_ISL_2790412	2021-04-07	2021-07-02	Europe / Bosnia and Herzegovina / Republic of Srpska / Celinac
EPI_ISL_2790413	2021-04-08	2021-07-02	Europe / Bosnia and Herzegovina / Republic of Srpska / Prijedor
EPI_ISL_2790414	2021-04-08	2021-07-02	Europe / Bosnia and Herzegovina / Republic of Srpska / Mrkonjic Grad
EPI_ISL_2800346	2021-06-28	2021-07-03	Europe / Bosnia and Herzegovina / Medjugorje
EPI_ISL_2802200	2021-06-29	2021-07-03	Europe / Bosnia and Herzegovina / Medjugorje
EPI_ISL_2802864	2021-06-03	2021-07-04	Europe / Bosnia and Herzegovina / Republic of Srpska / Prijedor
EPI_ISL_2820510	2021-06-28	2021-07-05	Europe / Bosnia and Herzegovina / Medjugorje
EPI_ISL_2854258	2021-06-28	2021-07-08	Europe / Bosnia and Herzegovina / Medjugorje
EPI_ISL_2938097	2021-06-17	2021-07-14	Europe / Bosnia and Herzegovina / Velika Kladuša
EPI_ISL_2938098	2021-06-17	2021-07-14	Europe / Bosnia and Herzegovina / Sarajevo
EPI_ISL_2938099	2021-06-23	2021-07-14	Europe / Bosnia and Herzegovina / Cazin
EPI_ISL_2938100	2021-06-23	2021-07-14	Europe / Bosnia and Herzegovina / Cazin
EPI_ISL_2938101	2021-06-08	2021-07-14	Europe / Bosnia and Herzegovina / Cazin
EPI_ISL_2938103	2021-06-17	2021-07-14	Europe / Bosnia and Herzegovina / Sarajevo
EPI_ISL_2938104	2021-07-02	2021-07-14	Europe / Bosnia and Herzegovina / Sarajevo
EPI_ISL_2938105	2021-06-22	2021-07-14	Europe / Bosnia and Herzegovina / Sarajevo
EPI_ISL_2938106	2021-06-08	2021-07-14	Europe / Bosnia and Herzegovina / Sarajevo
EPI_ISL_2938107	2021-06-18	2021-07-14	Europe / Bosnia and Herzegovina / Sarajevo
EPI_ISL_2938108	2021-06-11	2021-07-14	Europe / Bosnia and Herzegovina / Sarajevo
EPI_ISL_2938109	2021-06-20	2021-07-14	Europe / Bosnia and Herzegovina / Sarajevo
EPI_ISL_2938110	2021-06-23	2021-07-14	Europe / Bosnia and Herzegovina / Sarajevo
EPI_ISL_2938111	2021-06-18	2021-07-14	Europe / Bosnia and Herzegovina / Velika Kladuša
EPI_ISL_2938112	2021-07-03	2021-07-14	Europe / Bosnia and Herzegovina / Cazin
EPI_ISL_2938114	2021-06-06	2021-07-14	Europe / Bosnia and Herzegovina / Sarajevo
EPI_ISL_2938115	2021-06-21	2021-07-14	Europe / Bosnia and Herzegovina / Bihać
EPI_ISL_2938116	2021-06-25	2021-07-14	Europe / Bosnia and Herzegovina / Vogošća
EPI_ISL_2938117	2021-06-18	2021-07-14	Europe / Bosnia and Herzegovina / Sarajevo
EPI_ISL_2938119	2021-07-01	2021-07-14	Europe / Bosnia and Herzegovina / Sarajevo
EPI_ISL_3076899	2021-07-04	2021-07-26	Europe / Bosnia and Herzegovina / Sarajevo
EPI_ISL_3076900	2021-07-01	2021-07-26	Europe / Bosnia and Herzegovina / Mostar
EPI_ISL_3076901	2021-07-01	2021-07-26	Europe / Bosnia and Herzegovina / Mostar
EPI_ISL_3076902	2021-07-02	2021-07-26	Europe / Bosnia and Herzegovina / Mostar
EPI_ISL_3076937	2021-07-02	2021-07-26	Europe / Bosnia and Herzegovina / Mostar
EPI_ISL_3076939	2021-07-05	2021-07-26	Europe / Bosnia and Herzegovina / Mostar
EPI_ISL_3076941	2021-07-06	2021-07-26	Europe / Bosnia and Herzegovina / Mostar
EPI_ISL_3076943	2021-06-28	2021-07-26	Europe / Bosnia and Herzegovina / Tuzla
EPI_ISL_3081716	2021-07-05	2021-07-26	Europe / Bosnia and Herzegovina / Tuzla
EPI_ISL_3082214	2021-07-05	2021-07-26	Europe / Bosnia and Herzegovina / Tuzla
EPI_ISL_3082641	2021-07-07	2021-07-26	Europe / Bosnia and Herzegovina / Tuzla
EPI_ISL_3184309	2021-07-26	2021-08-02	Europe / Bosnia and Herzegovina / Mostar
EPI_ISL_3184312	2021-07-22	2021-08-02	Europe / Bosnia and Herzegovina / Sarajevo
EPI_ISL_3184314	2021-07-24	2021-08-02	Europe / Bosnia and Herzegovina / Sarajevo
EPI_ISL_3184316	2021-07-26	2021-08-02	Europe / Bosnia and Herzegovina / Sarajevo
EPI_ISL_3230255	2021-07-15	2021-08-04	Europe / Bosnia and Herzegovina / Sarajevo
EPI_ISL_3230471	2021-07-22	2021-08-04	Europe / Bosnia and Herzegovina / Mostar
EPI_ISL_3230739	2021-07-22	2021-08-04	Europe / Bosnia and Herzegovina / Capljina
EPI_ISL_4239896	2021-08-14	2021-09-16	Europe / Bosnia and Herzegovina / Republic of Srpska / BanjaLuka
EPI_ISL_4239899	2021-08-14	2021-09-16	Europe / Bosnia and Herzegovina / Republic of Srpska / Laktasi
EPI_ISL_4239903	2021-07-19	2021-09-16	Europe / Bosnia and Herzegovina / Republic of Srpska / BanjaLuka
EPI_ISL_4239906	2021-08-14	2021-09-16	Europe / Bosnia and Herzegovina / Republic of Srpska / BanjaLuka
EPI_ISL_4239909	2021-07-31	2021-09-16	Europe / Bosnia and Herzegovina / Republic of Srpska / BanjaLuka
EPI_ISL_4239913	2021-07-12	2021-09-16	Europe / Bosnia and Herzegovina / Republic of Srpska / Doboj
EPI_ISL_4239916	2021-07-19	2021-09-16	Europe / Bosnia and Herzegovina / Republic of Srpska / BanjaLuka
EPI_ISL_4239919	2021-08-04	2021-09-16	Europe / Bosnia and Herzegovina / Republic of Srpska / Celinac
EPI_ISL_4239923	2021-07-21	2021-09-16	Europe / Bosnia and Herzegovina / Republic of Srpska / BanjaLuka
EPI_ISL_4239926	2021-08-13	2021-09-16	Europe / Bosnia and Herzegovina / Republic of Srpska / Prijedor
EPI_ISL_4239929	2021-08-02	2021-09-16	Europe / Bosnia and Herzegovina / Republic of Srpska / Prijedor
EPI_ISL_4239933	2021-08-16	2021-09-16	Europe / Bosnia and Herzegovina / Republic of Srpska / Celinac
EPI_ISL_4239936	2021-07-15	2021-09-16	Europe / Bosnia and Herzegovina / Republic of Srpska / BanjaLuka
EPI_ISL_4239939	2021-08-13	2021-09-16	Europe / Bosnia and Herzegovina / Republic of Srpska / KozarskaDubica
EPI_ISL_4239943	2021-08-06	2021-09-16	Europe / Bosnia and Herzegovina / Republic of Srpska / Laktasi
EPI_ISL_4239946	2021-07-22	2021-09-16	Europe / Bosnia and Herzegovina / Republic of Srpska / BanjaLuka
EPI_ISL_4239950	2021-08-06	2021-09-16	Europe / Bosnia and Herzegovina / Republic of Srpska / BanjaLuka
EPI_ISL_4239954	2021-07-09	2021-09-16	Europe / Bosnia and Herzegovina / Republic of Srpska / IstocnoSarajevo
EPI_ISL_4239958	2021-07-28	2021-09-16	Europe / Bosnia and Herzegovina / Republic of Srpska / Doboj
EPI_ISL_4239962	2021-08-12	2021-09-16	Europe / Bosnia and Herzegovina / Republic of Srpska / Prijedor
EPI_ISL_4239966	2021-07-29	2021-09-16	Europe / Bosnia and Herzegovina / Republic of Srpska / Doboj
EPI_ISL_4239977	2021-06-30	2021-09-16	Europe / Bosnia and Herzegovina / Republic of Srpska / Doboj
EPI_ISL_462450	2020-03-17	2020-06-08	Europe / Bosnia and Herzegovina / Bihac
EPI_ISL_462451	2020-03-19	2020-06-08	Europe / Bosnia and Herzegovina / Bihac
EPI_ISL_462452	2020-03-19	2020-06-08	Europe / Bosnia and Herzegovina / Gorazde
EPI_ISL_462453	2020-03-20	2020-06-08	Europe / Bosnia and Herzegovina / Gorazde
EPI_ISL_462454	2020-03-20	2020-06-08	Europe / Bosnia and Herzegovina / Gorazde
EPI_ISL_462455	2020-03-20	2020-06-08	Europe / Bosnia and Herzegovina / Sarajevo
EPI_ISL_462456	2020-03-20	2020-06-08	Europe / Bosnia and Herzegovina / Sarajevo
EPI_ISL_462457	2020-03-20	2020-06-08	Europe / Bosnia and Herzegovina / Sarajevo
EPI_ISL_462458	2020-03-21	2020-06-08	Europe / Bosnia and Herzegovina / Bihac
EPI_ISL_462459	2020-03-21	2020-06-08	Europe / Bosnia and Herzegovina / Novi Travnik
EPI_ISL_462460	2020-03-22	2020-06-08	Europe / Bosnia and Herzegovina / Gorazde
EPI_ISL_462461	2020-04-11	2020-06-08	Europe / Bosnia and Herzegovina / Maglaj
EPI_ISL_462462	2020-03-23	2020-06-08	Europe / Bosnia and Herzegovina / Breza
EPI_ISL_462463	2020-03-25	2020-06-08	Europe / Bosnia and Herzegovina
EPI_ISL_462464	2020-03-25	2020-06-08	Europe / Bosnia and Herzegovina / Ilidza
EPI_ISL_462465	2020-03-25	2020-06-08	Europe / Bosnia and Herzegovina / Ilidza
EPI_ISL_462466	2020-04-21	2020-06-08	Europe / Bosnia and Herzegovina / Cazin
EPI_ISL_462467	2020-03-26	2020-06-08	Europe / Bosnia and Herzegovina / Gorazde
EPI_ISL_462468	2020-03-27	2020-06-08	Europe / Bosnia and Herzegovina / Bihac
EPI_ISL_462469	2020-03-27	2020-06-08	Europe / Bosnia and Herzegovina / Sarajevo
EPI_ISL_462470	2020-04-22	2020-06-08	Europe / Bosnia and Herzegovina / Sarajevo
EPI_ISL_462471	2020-03-28	2020-06-08	Europe / Bosnia and Herzegovina / Ilijas
EPI_ISL_462472	2020-04-01	2020-06-08	Europe / Bosnia and Herzegovina / DZ Vitez
EPI_ISL_462473	2020-03-29	2020-06-08	Europe / Bosnia and Herzegovina / Zepce
EPI_ISL_462474	2020-03-29	2020-06-08	Europe / Bosnia and Herzegovina / Gornji Vakuf
EPI_ISL_462475	2020-03-30	2020-06-08	Europe / Bosnia and Herzegovina / KZ Kakanj
EPI_ISL_462476	2020-03-29	2020-06-08	Europe / Bosnia and Herzegovina
EPI_ISL_462753	2020-05-27	2020-06-08	Europe / Bosnia and Herzegovina / Livno
EPI_ISL_467300	2020-04-08	2020-06-12	Europe / Bosnia and Herzegovina / Sarajevo
EPI_ISL_5193146	2021-09	2021-10-15	Europe / Bosnia and Herzegovina / Sarajevo
EPI_ISL_5193774	2021-09	2021-10-15	Europe / Bosnia and Herzegovina / Mostar
EPI_ISL_5194896	2021-09	2021-10-15	Europe / Bosnia and Herzegovina / Stolac
EPI_ISL_5195640	2021-09	2021-10-15	Europe / Bosnia and Herzegovina / Jablanica
EPI_ISL_5195834	2021-09	2021-10-15	Europe / Bosnia and Herzegovina / Jablanica
EPI_ISL_5240928	2021-09	2021-10-16	Europe / Bosnia and Herzegovina / Jablanica
EPI_ISL_5240932	2021-09	2021-10-16	Europe / Bosnia and Herzegovina / Glamoc
EPI_ISL_5240941	2021-09	2021-10-16	Europe / Bosnia and Herzegovina / Mostar
EPI_ISL_5240945	2021-09	2021-10-16	Europe / Bosnia and Herzegovina / Mostar
EPI_ISL_5240950	2021-09	2021-10-16	Europe / Bosnia and Herzegovina / Mostar
EPI_ISL_5240954	2021-09	2021-10-16	Europe / Bosnia and Herzegovina / Mostar
EPI_ISL_5240962	2021-09	2021-10-16	Europe / Bosnia and Herzegovina / Mostar
EPI_ISL_5240967	2021-09	2021-10-16	Europe / Bosnia and Herzegovina / Mostar
EPI_ISL_5240971	2021-09	2021-10-16	Europe / Bosnia and Herzegovina / Mostar
EPI_ISL_5240974	2021-09	2021-10-16	Europe / Bosnia and Herzegovina / Mostar
EPI_ISL_5240979	2021-09	2021-10-16	Europe / Bosnia and Herzegovina / Mostar
EPI_ISL_5240983	2021-09	2021-10-16	Europe / Bosnia and Herzegovina / Mostar
EPI_ISL_5240984	2021-09	2021-10-16	Europe / Bosnia and Herzegovina / Mostar
EPI_ISL_5241519	2021-09	2021-10-16	Europe / Bosnia and Herzegovina / Mostar
EPI_ISL_5241522	2021-09	2021-10-16	Europe / Bosnia and Herzegovina / Jablanica
EPI_ISL_5241529	2021-09	2021-10-16	Europe / Bosnia and Herzegovina / Mostar
EPI_ISL_5241541	2021-09	2021-10-16	Europe / Bosnia and Herzegovina / Mostar
EPI_ISL_5250683	2021-09	2021-10-17	Europe / Bosnia and Herzegovina / Mostar
EPI_ISL_5250687	2021-09	2021-10-17	Europe / Bosnia and Herzegovina / Mostar
EPI_ISL_5256988	2021-09	2021-10-17	Europe / Bosnia and Herzegovina / Mostar
EPI_ISL_5257977	2021-09	2021-10-17	Europe / Bosnia and Herzegovina / Mostar
EPI_ISL_5257983	2021-04-05	2021-10-17	Europe / Bosnia and Herzegovina / Zenica
EPI_ISL_5257984	2021-04-06	2021-10-17	Europe / Bosnia and Herzegovina / Sarajevo
EPI_ISL_5257989	2021-04-07	2021-10-17	Europe / Bosnia and Herzegovina / Sarajevo
EPI_ISL_5257993	2021-09-15	2021-10-17	Europe / Bosnia and Herzegovina / Sarajevo
EPI_ISL_5257996	2021-09-15	2021-10-17	Europe / Bosnia and Herzegovina / Sarajevo
EPI_ISL_5258003	2021-09-29	2021-10-17	Europe / Bosnia and Herzegovina / Sarajevo
EPI_ISL_5258025	2021-09-30	2021-10-17	Europe / Bosnia and Herzegovina / Sarajevo
EPI_ISL_5258196	2021-03-26	2021-10-17	Europe / Bosnia and Herzegovina / Sarajevo
EPI_ISL_5258198	2021-04-05	2021-10-17	Europe / Bosnia and Herzegovina / Sarajevo
EPI_ISL_5595985	2021-09-30	2021-10-27	Europe / Bosnia and Herzegovina / Mostar
EPI_ISL_5597431	2021-09-30	2021-10-27	Europe / Bosnia and Herzegovina / Mostar
EPI_ISL_5597476	2021-09-30	2021-10-27	Europe / Bosnia and Herzegovina / Mostar
EPI_ISL_5713102	2021-09-30	2021-10-29	Europe / Bosnia and Herzegovina / Mostar
EPI_ISL_5713659	2021-10-01	2021-10-29	Europe / Bosnia and Herzegovina / Mostar
EPI_ISL_5713826	2021-10-01	2021-10-29	Europe / Bosnia and Herzegovina / Mostar
EPI_ISL_5714687	2021-10-01	2021-10-29	Europe / Bosnia and Herzegovina / Mostar
EPI_ISL_5714951	2021-10-01	2021-10-29	Europe / Bosnia and Herzegovina / Mostar
EPI_ISL_5715487	2021-10-01	2021-10-29	Europe / Bosnia and Herzegovina / Mostar
EPI_ISL_5716769	2021-10-01	2021-10-29	Europe / Bosnia and Herzegovina / Mostar
EPI_ISL_5722759	2021-10-01	2021-10-29	Europe / Bosnia and Herzegovina / Mostar
EPI_ISL_5732906	2021-10-01	2021-10-29	Europe / Bosnia and Herzegovina / Jablanica
EPI_ISL_5733340	2021-10-01	2021-10-29	Europe / Bosnia and Herzegovina / Mostar
EPI_ISL_5733353	2021-10-01	2021-10-29	Europe / Bosnia and Herzegovina / Siroki Brijeg
EPI_ISL_5734694	2021-10-04	2021-10-29	Europe / Bosnia and Herzegovina / Jablanica
EPI_ISL_5736190	2021-10-04	2021-10-29	Europe / Bosnia and Herzegovina / Jablanica
EPI_ISL_5736401	2021-10-04	2021-10-29	Europe / Bosnia and Herzegovina / Mostar
EPI_ISL_5736405	2021-10-04	2021-10-29	Europe / Bosnia and Herzegovina / Mostar
EPI_ISL_5736459	2021-10-04	2021-10-29	Europe / Bosnia and Herzegovina / Mostar
EPI_ISL_5805972	2021-10-04	2021-11-01	Europe / Bosnia and Herzegovina / Konjic
EPI_ISL_5806708	2021-10-04	2021-11-01	Europe / Bosnia and Herzegovina / Konjic
EPI_ISL_5807749	2021-10-04	2021-11-01	Europe / Bosnia and Herzegovina / Jablanica
EPI_ISL_5808544	2021-10-04	2021-11-01	Europe / Bosnia and Herzegovina / Jablanica
EPI_ISL_5811813	2021-10-05	2021-11-01	Europe / Bosnia and Herzegovina / Mostar
EPI_ISL_5812248	2021-10-05	2021-11-01	Europe / Bosnia and Herzegovina / Mostar
EPI_ISL_5812898	2021-10-05	2021-11-01	Europe / Bosnia and Herzegovina / Mostar
EPI_ISL_5814564	2021-10-05	2021-11-01	Europe / Bosnia and Herzegovina / Jablanica
EPI_ISL_5815167	2021-10-05	2021-11-01	Europe / Bosnia and Herzegovina / Mostar
EPI_ISL_5822080	2021-10-05	2021-11-01	Europe / Bosnia and Herzegovina / Mostar
EPI_ISL_5822432	2021-10-05	2021-11-01	Europe / Bosnia and Herzegovina / Jablanica
EPI_ISL_5822440	2021-10-05	2021-11-01	Europe / Bosnia and Herzegovina / Jablanica
EPI_ISL_5822445	2021-10-05	2021-11-01	Europe / Bosnia and Herzegovina / Mostar
EPI_ISL_5822450	2021-10-05	2021-11-01	Europe / Bosnia and Herzegovina / Mostar
EPI_ISL_5822452	2021-10-05	2021-11-01	Europe / Bosnia and Herzegovina / Jablanica
EPI_ISL_5822455	2021-10-05	2021-11-01	Europe / Bosnia and Herzegovina / Jablanica
EPI_ISL_5822522	2021-10-05	2021-11-01	Europe / Bosnia and Herzegovina / Siroki Brijeg
EPI_ISL_5822527	2021-10-05	2021-11-01	Europe / Bosnia and Herzegovina / Posusje
EPI_ISL_5822531	2021-10-07	2021-11-01	Europe / Bosnia and Herzegovina / Mostar
EPI_ISL_5822534	2021-10-07	2021-11-01	Europe / Bosnia and Herzegovina / Mostar
EPI_ISL_5822537	2021-10-07	2021-11-01	Europe / Bosnia and Herzegovina / Mostar
EPI_ISL_5822538	2021-10-07	2021-11-01	Europe / Bosnia and Herzegovina / Konjic
EPI_ISL_5822543	2021-10-07	2021-11-01	Europe / Bosnia and Herzegovina / Konjic
EPI_ISL_5822547	2021-10-07	2021-11-01	Europe / Bosnia and Herzegovina / Konjic
EPI_ISL_5822703	2021-10-07	2021-11-01	Europe / Bosnia and Herzegovina / Capljina
EPI_ISL_5822710	2021-10-07	2021-11-01	Europe / Bosnia and Herzegovina / Grude
EPI_ISL_5823514	2021-10-07	2021-11-01	Europe / Bosnia and Herzegovina / Capljina
EPI_ISL_5846692	2021-10-08	2021-11-01	Europe / Bosnia and Herzegovina / Sarajevo
EPI_ISL_5885492	2021-10-13	2021-11-03	Europe / Bosnia and Herzegovina / Sarajevo
EPI_ISL_5886023	2021-10-06	2021-11-03	Europe / Bosnia and Herzegovina / Livno
EPI_ISL_5886727	2021-10-06	2021-11-03	Europe / Bosnia and Herzegovina / Mostar
EPI_ISL_5886778	2021-10-06	2021-11-03	Europe / Bosnia and Herzegovina / Mostar
EPI_ISL_5886782	2021-10-06	2021-11-03	Europe / Bosnia and Herzegovina / Capljina
EPI_ISL_5886786	2021-10-06	2021-11-03	Europe / Bosnia and Herzegovina / Capljina
EPI_ISL_5886927	2021-10-06	2021-11-03	Europe / Bosnia and Herzegovina / Ljubuski
EPI_ISL_5886931	2021-10-06	2021-11-03	Europe / Bosnia and Herzegovina / Ljubuski
EPI_ISL_5887066	2021-10-06	2021-11-03	Europe / Bosnia and Herzegovina / Mostar
EPI_ISL_5887110	2021-10-06	2021-11-03	Europe / Bosnia and Herzegovina / Mostar
EPI_ISL_5887166	2021-10-06	2021-11-03	Europe / Bosnia and Herzegovina / Mostar
EPI_ISL_5887286	2021-10-07	2021-11-03	Europe / Bosnia and Herzegovina / Tomislavgrad
EPI_ISL_5887379	2021-10-07	2021-11-03	Europe / Bosnia and Herzegovina / Tomislavgrad
EPI_ISL_5887413	2021-10-07	2021-11-03	Europe / Bosnia and Herzegovina / Mostar
EPI_ISL_5887572	2021-10-07	2021-11-03	Europe / Bosnia and Herzegovina / Mostar
EPI_ISL_5887576	2021-10-07	2021-11-03	Europe / Bosnia and Herzegovina / Mostar
EPI_ISL_5887580	2021-10-07	2021-11-03	Europe / Bosnia and Herzegovina / Mostar
EPI_ISL_5887690	2021-10-07	2021-11-03	Europe / Bosnia and Herzegovina / Siroki Brijeg
EPI_ISL_5887692	2021-10-07	2021-11-03	Europe / Bosnia and Herzegovina / Mostar
EPI_ISL_6059477	2021-10-07	2021-11-08	Europe / Bosnia and Herzegovina / Mostar
EPI_ISL_6060082	2021-10-07	2021-11-08	Europe / Bosnia and Herzegovina / Mostar
EPI_ISL_6061116	2021-10-08	2021-11-08	Europe / Bosnia and Herzegovina / Mostar
EPI_ISL_6061369	2021-10-08	2021-11-08	Europe / Bosnia and Herzegovina / Siroki Brijeg
EPI_ISL_6120633	2021-10-08	2021-11-09	Europe / Bosnia and Herzegovina / Stolac
EPI_ISL_6120635	2021-10-08	2021-11-09	Europe / Bosnia and Herzegovina / Mostar
EPI_ISL_6120637	2021-10-08	2021-11-09	Europe / Bosnia and Herzegovina / Ljubuski
EPI_ISL_6120640	2021-10-08	2021-11-09	Europe / Bosnia and Herzegovina / Mostar
EPI_ISL_6120646	2021-10-08	2021-11-09	Europe / Bosnia and Herzegovina / Mostar
EPI_ISL_6120649	2021-10-08	2021-11-09	Europe / Bosnia and Herzegovina / Jablanica
EPI_ISL_6120654	2021-10-08	2021-11-09	Europe / Bosnia and Herzegovina / Ljubuski
EPI_ISL_6120656	2021-10-08	2021-11-09	Europe / Bosnia and Herzegovina / Capljina
EPI_ISL_6120661	2021-10-08	2021-11-09	Europe / Bosnia and Herzegovina / Mostar
EPI_ISL_6120663	2021-10-08	2021-11-09	Europe / Bosnia and Herzegovina / Capljina
EPI_ISL_6120668	2021-10-08	2021-11-09	Europe / Bosnia and Herzegovina / Mostar
EPI_ISL_6120673	2021-10-08	2021-11-09	Europe / Bosnia and Herzegovina / Mostar
EPI_ISL_6120718	2021-10-09	2021-11-09	Europe / Bosnia and Herzegovina / Mostar
EPI_ISL_6120914	2021-10-09	2021-11-09	Europe / Bosnia and Herzegovina / Glamoc
EPI_ISL_6120917	2021-10-09	2021-11-09	Europe / Bosnia and Herzegovina / Mostar
EPI_ISL_6120922	2021-10-09	2021-11-09	Europe / Bosnia and Herzegovina / Mostar
EPI_ISL_6120926	2021-10-10	2021-11-09	Europe / Bosnia and Herzegovina / Mostar
EPI_ISL_6120929	2021-10-10	2021-11-09	Europe / Bosnia and Herzegovina / Mostar
EPI_ISL_6120933	2021-10-10	2021-11-09	Europe / Bosnia and Herzegovina / Mostar
EPI_ISL_6120935	2021-10-10	2021-11-09	Europe / Bosnia and Herzegovina / Mostar
EPI_ISL_6120937	2021-10-10	2021-11-09	Europe / Bosnia and Herzegovina / Konjic
EPI_ISL_6120940	2021-10-10	2021-11-09	Europe / Bosnia and Herzegovina / Mostar
EPI_ISL_6120943	2021-10-11	2021-11-09	Europe / Bosnia and Herzegovina / Stolac
EPI_ISL_6120945	2021-10-11	2021-11-09	Europe / Bosnia and Herzegovina / Mostar
EPI_ISL_6120947	2021-10-11	2021-11-09	Europe / Bosnia and Herzegovina / Mostar
EPI_ISL_6120949	2021-10-12	2021-11-09	Europe / Bosnia and Herzegovina / Konjic
EPI_ISL_6120953	2021-10-12	2021-11-09	Europe / Bosnia and Herzegovina / Mostar
EPI_ISL_6120955	2021-10-12	2021-11-09	Europe / Bosnia and Herzegovina / Mostar
EPI_ISL_6120956	2021-10-12	2021-11-09	Europe / Bosnia and Herzegovina / Siroki Brijeg
EPI_ISL_6120958	2021-10-12	2021-11-09	Europe / Bosnia and Herzegovina / Mostar
EPI_ISL_6120961	2021-10-12	2021-11-09	Europe / Bosnia and Herzegovina / Mostar
EPI_ISL_6120966	2021-10-12	2021-11-09	Europe / Bosnia and Herzegovina / Mostar
EPI_ISL_6120975	2021-10-12	2021-11-09	Europe / Bosnia and Herzegovina / Mostar
EPI_ISL_6120979	2021-10-12	2021-11-09	Europe / Bosnia and Herzegovina / Mostar
EPI_ISL_6120980	2021-10-12	2021-11-09	Europe / Bosnia and Herzegovina / Mostar
EPI_ISL_6120983	2021-10-12	2021-11-09	Europe / Bosnia and Herzegovina / Siroki Brijeg
EPI_ISL_6120988	2021-10-12	2021-11-09	Europe / Bosnia and Herzegovina / Mostar
EPI_ISL_6121842	2021-10-12	2021-11-10	Europe / Bosnia and Herzegovina / Mostar
EPI_ISL_6121845	2021-10-12	2021-11-10	Europe / Bosnia and Herzegovina / Mostar
EPI_ISL_6121849	2021-10-12	2021-11-10	Europe / Bosnia and Herzegovina / Mostar
EPI_ISL_6121850	2021-10-12	2021-11-10	Europe / Bosnia and Herzegovina / Konjic
EPI_ISL_6121852	2021-10-13	2021-11-10	Europe / Bosnia and Herzegovina / Mostar
EPI_ISL_6121857	2021-10-13	2021-11-10	Europe / Bosnia and Herzegovina / Mostar
EPI_ISL_6121861	2021-10-13	2021-11-10	Europe / Bosnia and Herzegovina / Mostar
EPI_ISL_6121862	2021-10-13	2021-11-10	Europe / Bosnia and Herzegovina / Mostar
EPI_ISL_6121863	2021-10-13	2021-11-10	Europe / Bosnia and Herzegovina / Livno
EPI_ISL_6121874	2021-10-13	2021-11-10	Europe / Bosnia and Herzegovina / Mostar
EPI_ISL_6121876	2021-10-13	2021-11-10	Europe / Bosnia and Herzegovina / Mostar
EPI_ISL_6121878	2021-10-13	2021-11-10	Europe / Bosnia and Herzegovina / Mostar
EPI_ISL_6121879	2021-10-13	2021-11-10	Europe / Bosnia and Herzegovina / Mostar
EPI_ISL_6121883	2021-10-13	2021-11-10	Europe / Bosnia and Herzegovina / Mostar
EPI_ISL_6121888	2021-10-13	2021-11-10	Europe / Bosnia and Herzegovina / Mostar
EPI_ISL_6121891	2021-10-13	2021-11-10	Europe / Bosnia and Herzegovina / Glamoc
EPI_ISL_6121894	2021-10-13	2021-11-10	Europe / Bosnia and Herzegovina / Mostar
EPI_ISL_6121919	2021-10-14	2021-11-10	Europe / Bosnia and Herzegovina / Mostar
EPI_ISL_6122421	2021-10-14	2021-11-10	Europe / Bosnia and Herzegovina / Mostar
EPI_ISL_6122427	2021-10-14	2021-11-10	Europe / Bosnia and Herzegovina / Mostar
EPI_ISL_6122464	2021-10-14	2021-11-10	Europe / Bosnia and Herzegovina / Mostar
EPI_ISL_6122468	2021-10-14	2021-11-10	Europe / Bosnia and Herzegovina / Mostar
EPI_ISL_6122471	2021-10-14	2021-11-10	Europe / Bosnia and Herzegovina / Mostar
EPI_ISL_6122474	2021-10-06	2021-11-10	Europe / Bosnia and Herzegovina / Mostar
EPI_ISL_6122478	2021-10-06	2021-11-10	Europe / Bosnia and Herzegovina / Ljubuski
EPI_ISL_6262988	2021-10-13	2021-11-14	Europe / Bosnia and Herzegovina / Mostar
EPI_ISL_6262989	2021-10-18	2021-11-14	Europe / Bosnia and Herzegovina / Mostar
EPI_ISL_6262990	2021-10-15	2021-11-14	Europe / Bosnia and Herzegovina / Mostar
EPI_ISL_6262991	2021-10-16	2021-11-14	Europe / Bosnia and Herzegovina / Mostar
EPI_ISL_6262992	2021-10-18	2021-11-14	Europe / Bosnia and Herzegovina / Mostar
EPI_ISL_6262994	2021-10-18	2021-11-14	Europe / Bosnia and Herzegovina / Mostar
EPI_ISL_6262995	2021-10-16	2021-11-14	Europe / Bosnia and Herzegovina / Mostar
EPI_ISL_6262996	2021-10-18	2021-11-14	Europe / Bosnia and Herzegovina / Mostar
EPI_ISL_6262997	2021-10-18	2021-11-14	Europe / Bosnia and Herzegovina / Mostar
EPI_ISL_6263005	2021-10-16	2021-11-14	Europe / Bosnia and Herzegovina / Mostar
EPI_ISL_6263009	2021-10-18	2021-11-14	Europe / Bosnia and Herzegovina / Mostar
EPI_ISL_6263011	2021-10-14	2021-11-14	Europe / Bosnia and Herzegovina / Mostar
EPI_ISL_6263018	2021-10-19	2021-11-14	Europe / Bosnia and Herzegovina / Mostar
EPI_ISL_6263021	2021-10-14	2021-11-14	Europe / Bosnia and Herzegovina / Mostar
EPI_ISL_6263026	2021-10-14	2021-11-14	Europe / Bosnia and Herzegovina / Mostar
EPI_ISL_6263030	2021-10-18	2021-11-14	Europe / Bosnia and Herzegovina / Sarajevo
EPI_ISL_6263034	2021-10-07	2021-11-14	Europe / Bosnia and Herzegovina / Capljina
EPI_ISL_6263039	2021-10-10	2021-11-14	Europe / Bosnia and Herzegovina / Mostar
EPI_ISL_6512739	2021-10-25	2021-11-19	Europe / Bosnia and Herzegovina / Ljubuski
EPI_ISL_6512740	2021-10-21	2021-11-19	Europe / Bosnia and Herzegovina / Mostar
EPI_ISL_6512741	2021-10-20	2021-11-19	Europe / Bosnia and Herzegovina / Mostar
EPI_ISL_6512743	2021-10-22	2021-11-19	Europe / Bosnia and Herzegovina / Mostar
EPI_ISL_6512747	2021-10-22	2021-11-19	Europe / Bosnia and Herzegovina / Mostar
EPI_ISL_6512749	2021-10-25	2021-11-19	Europe / Bosnia and Herzegovina / Ljubuski
EPI_ISL_6512750	2021-10-20	2021-11-19	Europe / Bosnia and Herzegovina / Mostar
EPI_ISL_6512753	2021-10-22	2021-11-19	Europe / Bosnia and Herzegovina / Mostar
EPI_ISL_6512754	2021-10-22	2021-11-19	Europe / Bosnia and Herzegovina / Siroki Brijeg
EPI_ISL_6512755	2021-10-21	2021-11-19	Europe / Bosnia and Herzegovina / Mostar
EPI_ISL_6512756	2021-10-25	2021-11-19	Europe / Bosnia and Herzegovina / Ljubuski
EPI_ISL_6512757	2021-10-20	2021-11-19	Europe / Bosnia and Herzegovina / Mostar
EPI_ISL_6512759	2021-10-27	2021-11-19	Europe / Bosnia and Herzegovina / Mostar
EPI_ISL_6512760	2021-10-27	2021-11-19	Europe / Bosnia and Herzegovina / Stolac
EPI_ISL_6512762	2021-10-27	2021-11-19	Europe / Bosnia and Herzegovina / Mostar
EPI_ISL_6512763	2021-10-22	2021-11-19	Europe / Bosnia and Herzegovina / Mostar
EPI_ISL_6512764	2021-10-25	2021-11-19	Europe / Bosnia and Herzegovina / Mostar
EPI_ISL_6512765	2021-10-26	2021-11-19	Europe / Bosnia and Herzegovina / Siroki Brijeg
EPI_ISL_6512766	2021-10-21	2021-11-19	Europe / Bosnia and Herzegovina / Mostar
EPI_ISL_6512767	2021-10-25	2021-11-19	Europe / Bosnia and Herzegovina / Mostar
EPI_ISL_6512768	2021-10-22	2021-11-19	Europe / Bosnia and Herzegovina / Mostar
EPI_ISL_6512769	2021-10-27	2021-11-19	Europe / Bosnia and Herzegovina / Livno
EPI_ISL_6512772	2021-10-26	2021-11-19	Europe / Bosnia and Herzegovina / Stolac
EPI_ISL_6512773	2021-10-26	2021-11-19	Europe / Bosnia and Herzegovina / Siroki Brijeg
EPI_ISL_6512774	2021-10-20	2021-11-19	Europe / Bosnia and Herzegovina / Mostar
EPI_ISL_6512776	2021-10-27	2021-11-19	Europe / Bosnia and Herzegovina / Mostar
EPI_ISL_6512777	2021-10-26	2021-11-19	Europe / Bosnia and Herzegovina / Ravno
EPI_ISL_6512779	2021-10-20	2021-11-19	Europe / Bosnia and Herzegovina / Mostar
EPI_ISL_6512780	2021-10-25	2021-11-19	Europe / Bosnia and Herzegovina / Mostar
EPI_ISL_6512782	2021-10-25	2021-11-19	Europe / Bosnia and Herzegovina / Mostar
EPI_ISL_6512783	2021-10-26	2021-11-19	Europe / Bosnia and Herzegovina / Stolac
EPI_ISL_6512784	2021-10-26	2021-11-19	Europe / Bosnia and Herzegovina / Stolac
EPI_ISL_6512785	2021-10-25	2021-11-19	Europe / Bosnia and Herzegovina / Mostar
EPI_ISL_6512786	2021-10-25	2021-11-19	Europe / Bosnia and Herzegovina / Mostar
EPI_ISL_6512787	2021-10-21	2021-11-19	Europe / Bosnia and Herzegovina / Foca
EPI_ISL_6512788	2021-10-21	2021-11-19	Europe / Bosnia and Herzegovina / Sarajevo
EPI_ISL_6512789	2021-10-21	2021-11-19	Europe / Bosnia and Herzegovina / Sarajevo
EPI_ISL_6512790	2021-10-25	2021-11-19	Europe / Bosnia and Herzegovina / Sarajevo
EPI_ISL_6512791	2021-10-25	2021-11-19	Europe / Bosnia and Herzegovina / Sarajevo
EPI_ISL_6512794	2021-10-25	2021-11-19	Europe / Bosnia and Herzegovina / Sarajevo
EPI_ISL_6512796	2021-10-25	2021-11-19	Europe / Bosnia and Herzegovina / Sarajevo
EPI_ISL_6512798	2021-10-25	2021-11-19	Europe / Bosnia and Herzegovina / Sarajevo
EPI_ISL_6512799	2021-10-25	2021-11-19	Europe / Bosnia and Herzegovina / Sarajevo
EPI_ISL_6512800	2021-10-25	2021-11-19	Europe / Bosnia and Herzegovina / Sarajevo
EPI_ISL_6512801	2021-10-25	2021-11-19	Europe / Bosnia and Herzegovina / Sarajevo
EPI_ISL_6512804	2021-10-25	2021-11-19	Europe / Bosnia and Herzegovina / Sarajevo
EPI_ISL_6512805	2021-10-29	2021-11-19	Europe / Bosnia and Herzegovina / Sarajevo
EPI_ISL_6512807	2021-10-10	2021-11-19	Europe / Bosnia and Herzegovina / Mostar
EPI_ISL_6512808	2021-10-12	2021-11-19	Europe / Bosnia and Herzegovina / Grude
EPI_ISL_6512809	2021-10-12	2021-11-19	Europe / Bosnia and Herzegovina / Siroki Brijeg
EPI_ISL_6512815	2021-10-04	2021-11-19	Europe / Bosnia and Herzegovina / Mostar
EPI_ISL_6512816	2021-10-04	2021-11-19	Europe / Bosnia and Herzegovina / Mostar
EPI_ISL_6512819	2021-10-05	2021-11-19	Europe / Bosnia and Herzegovina / Mostar
EPI_ISL_6512820	2021-10-23	2021-11-19	Europe / Bosnia and Herzegovina / Mostar
EPI_ISL_6512821	2021-10-20	2021-11-19	Europe / Bosnia and Herzegovina / Mostar
EPI_ISL_6949571	2021-01-27	2021-12-01	Europe / Bosnia and Herzegovina / Sarajevo
EPI_ISL_6949572	2021-03-02	2021-12-01	Europe / Bosnia and Herzegovina / Sarajevo
EPI_ISL_6949577	2021-03-02	2021-12-01	Europe / Bosnia and Herzegovina / Sarajevo
EPI_ISL_722201	2020-11-20	2020-12-21	Europe / Bosnia and Herzegovina / Mostar
EPI_ISL_722209	2020-11-20	2020-12-21	Europe / Bosnia and Herzegovina / Sarajevo
EPI_ISL_7378167	2021-11-03	2021-12-08	Europe / Bosnia and Herzegovina / Mostar
EPI_ISL_7378168	2021-11-03	2021-12-08	Europe / Bosnia and Herzegovina / Mostar
EPI_ISL_7378169	2021-11-02	2021-12-08	Europe / Bosnia and Herzegovina / Mostar
EPI_ISL_7378170	2021-11-02	2021-12-08	Europe / Bosnia and Herzegovina / Mostar
EPI_ISL_7378171	2021-11-04	2021-12-08	Europe / Bosnia and Herzegovina / Mostar
EPI_ISL_7378172	2021-11-03	2021-12-08	Europe / Bosnia and Herzegovina / Mostar
EPI_ISL_7378173	2021-10-29	2021-12-08	Europe / Bosnia and Herzegovina / Mostar
EPI_ISL_7378176	2021-11-03	2021-12-08	Europe / Bosnia and Herzegovina / Mostar
EPI_ISL_7378177	2021-11-04	2021-12-08	Europe / Bosnia and Herzegovina / Mostar
EPI_ISL_7378178	2021-11-02	2021-12-08	Europe / Bosnia and Herzegovina / Mostar
EPI_ISL_7378179	2021-10-29	2021-12-08	Europe / Bosnia and Herzegovina / Mostar
EPI_ISL_7378180	2021-11-02	2021-12-08	Europe / Bosnia and Herzegovina / Mostar
EPI_ISL_7378181	2021-11-01	2021-12-08	Europe / Bosnia and Herzegovina / Mostar
EPI_ISL_7378182	2021-11-01	2021-12-08	Europe / Bosnia and Herzegovina / Jablanica
EPI_ISL_7378183	2021-11-04	2021-12-08	Europe / Bosnia and Herzegovina / Mostar
EPI_ISL_7378184	2021-11-02	2021-12-08	Europe / Bosnia and Herzegovina / Mostar
EPI_ISL_7378185	2021-10-30	2021-12-08	Europe / Bosnia and Herzegovina / Livno
EPI_ISL_7378186	2021-11-03	2021-12-08	Europe / Bosnia and Herzegovina / Citluk
EPI_ISL_7378187	2021-10-31	2021-12-08	Europe / Bosnia and Herzegovina / Mostar
EPI_ISL_7378188	2021-11-03	2021-12-08	Europe / Bosnia and Herzegovina / Mostar
EPI_ISL_7378189	2021-10-28	2021-12-08	Europe / Bosnia and Herzegovina / Mostar
EPI_ISL_7378190	2021-10-30	2021-12-08	Europe / Bosnia and Herzegovina / Mostar
EPI_ISL_7378191	2021-10-31	2021-12-08	Europe / Bosnia and Herzegovina / Siroki Brijeg
EPI_ISL_7378192	2021-10-28	2021-12-08	Europe / Bosnia and Herzegovina / Rama
EPI_ISL_7378193	2021-11-03	2021-12-08	Europe / Bosnia and Herzegovina / Mostar
EPI_ISL_7378194	2021-10-31	2021-12-08	Europe / Bosnia and Herzegovina / Mostar
EPI_ISL_7378195	2021-11-03	2021-12-08	Europe / Bosnia and Herzegovina / Mostar
EPI_ISL_7378196	2021-10-28	2021-12-08	Europe / Bosnia and Herzegovina / Livno
EPI_ISL_7378197	2021-10-30	2021-12-08	Europe / Bosnia and Herzegovina / Mostar
EPI_ISL_7378198	2021-10-30	2021-12-08	Europe / Bosnia and Herzegovina / Mostar
EPI_ISL_7378199	2021-10-29	2021-12-08	Europe / Bosnia and Herzegovina / Mostar
EPI_ISL_7378200	2021-10-29	2021-12-08	Europe / Bosnia and Herzegovina / Ljubuski
EPI_ISL_7378201	2021-11-02	2021-12-08	Europe / Bosnia and Herzegovina / Mostar
EPI_ISL_7378202	2021-10-29	2021-12-08	Europe / Bosnia and Herzegovina / Mostar
EPI_ISL_7378203	2021-10-28	2021-12-08	Europe / Bosnia and Herzegovina / Mostar
EPI_ISL_7378204	2021-10-31	2021-12-08	Europe / Bosnia and Herzegovina / Citluk
EPI_ISL_7378205	2021-10-30	2021-12-08	Europe / Bosnia and Herzegovina / Kupres
EPI_ISL_7378206	2021-10-30	2021-12-08	Europe / Bosnia and Herzegovina / Mostar
EPI_ISL_7378207	2021-11-02	2021-12-08	Europe / Bosnia and Herzegovina / Mostar
EPI_ISL_7378208	2021-10-28	2021-12-08	Europe / Bosnia and Herzegovina / Mostar
EPI_ISL_7378209	2021-11-04	2021-12-08	Europe / Bosnia and Herzegovina / Sarajevo
EPI_ISL_7378210	2021-10-29	2021-12-08	Europe / Bosnia and Herzegovina / Jablanica
EPI_ISL_7378211	2021-10-30	2021-12-08	Europe / Bosnia and Herzegovina / Stolac
EPI_ISL_7380093	2021-11-09	2021-12-09	Europe / Bosnia and Herzegovina / Sarajevo
EPI_ISL_7380094	2021-11-09	2021-12-09	Europe / Bosnia and Herzegovina / Sarajevo
EPI_ISL_7380095	2021-10-30	2021-12-09	Europe / Bosnia and Herzegovina / Livno
EPI_ISL_7380096	2021-11-04	2021-12-09	Europe / Bosnia and Herzegovina / Mostar
EPI_ISL_7380097	2021-11-04	2021-12-09	Europe / Bosnia and Herzegovina / Siroki Brijeg
EPI_ISL_7380098	2021-11-05	2021-12-09	Europe / Bosnia and Herzegovina / Mostar
EPI_ISL_7380099	2021-11-05	2021-12-09	Europe / Bosnia and Herzegovina / Mostar
EPI_ISL_7380101	2021-11-05	2021-12-09	Europe / Bosnia and Herzegovina / Livno
EPI_ISL_7380102	2021-11-05	2021-12-09	Europe / Bosnia and Herzegovina / Livno
EPI_ISL_7380104	2021-11-04	2021-12-09	Europe / Bosnia and Herzegovina / Stolac
EPI_ISL_7380105	2021-11-09	2021-12-09	Europe / Bosnia and Herzegovina / Grude
EPI_ISL_7380106	2021-11-04	2021-12-09	Europe / Bosnia and Herzegovina / Mostar
EPI_ISL_7380107	2021-11-09	2021-12-09	Europe / Bosnia and Herzegovina / Mostar
EPI_ISL_7380108	2021-11-04	2021-12-09	Europe / Bosnia and Herzegovina / Mostar
EPI_ISL_7380109	2021-11-09	2021-12-09	Europe / Bosnia and Herzegovina / Mostar
EPI_ISL_7380110	2021-11-04	2021-12-09	Europe / Bosnia and Herzegovina / Mostar
EPI_ISL_7380112	2021-11-04	2021-12-09	Europe / Bosnia and Herzegovina / Mostar
EPI_ISL_7380113	2021-11-05	2021-12-09	Europe / Bosnia and Herzegovina / Mostar
EPI_ISL_7380114	2021-11-09	2021-12-09	Europe / Bosnia and Herzegovina / Capljina
EPI_ISL_7380116	2021-11-05	2021-12-09	Europe / Bosnia and Herzegovina / Citluk
EPI_ISL_7380119	2021-11-08	2021-12-09	Europe / Bosnia and Herzegovina / Siroki Brijeg
EPI_ISL_7380121	2021-11-09	2021-12-09	Europe / Bosnia and Herzegovina / Grude
EPI_ISL_7380122	2021-11-09	2021-12-09	Europe / Bosnia and Herzegovina / Grude
EPI_ISL_7380123	2021-11-09	2021-12-09	Europe / Bosnia and Herzegovina / Mostar
EPI_ISL_7380124	2021-11-06	2021-12-09	Europe / Bosnia and Herzegovina / Mostar
EPI_ISL_7380126	2021-11-09	2021-12-09	Europe / Bosnia and Herzegovina / Grude
EPI_ISL_7380127	2021-11-04	2021-12-09	Europe / Bosnia and Herzegovina / Mostar
EPI_ISL_7380129	2021-11-04	2021-12-09	Europe / Bosnia and Herzegovina / Mostar
EPI_ISL_7380132	2021-11-08	2021-12-09	Europe / Bosnia and Herzegovina / Siroki Brijeg
EPI_ISL_7380134	2021-11-09	2021-12-09	Europe / Bosnia and Herzegovina / Grude
EPI_ISL_7380135	2021-11-08	2021-12-09	Europe / Bosnia and Herzegovina / Siroki Brijeg
EPI_ISL_7380136	2021-11-08	2021-12-09	Europe / Bosnia and Herzegovina / Siroki Brijeg
EPI_ISL_7380137	2021-11-09	2021-12-09	Europe / Bosnia and Herzegovina / Capljina
EPI_ISL_7380139	2021-11-04	2021-12-09	Europe / Bosnia and Herzegovina / Mostar
EPI_ISL_7380141	2021-11-04	2021-12-09	Europe / Bosnia and Herzegovina / Mostar
EPI_ISL_7380143	2021-11-09	2021-12-09	Europe / Bosnia and Herzegovina / Mostar
EPI_ISL_7380144	2021-11-04	2021-12-09	Europe / Bosnia and Herzegovina / Mostar
EPI_ISL_7380145	2021-11-10	2021-12-09	Europe / Bosnia and Herzegovina / Mostar
EPI_ISL_7380147	2021-11-10	2021-12-09	Europe / Bosnia and Herzegovina / Mostar
EPI_ISL_7380148	2021-11-04	2021-12-09	Europe / Bosnia and Herzegovina / Mostar
EPI_ISL_7380149	2021-11-08	2021-12-09	Europe / Bosnia and Herzegovina / Rama
EPI_ISL_7380150	2021-11-04	2021-12-09	Europe / Bosnia and Herzegovina / Livno
EPI_ISL_7380151	2021-11-04	2021-12-09	Europe / Bosnia and Herzegovina / Rama
EPI_ISL_7380154	2021-11-08	2021-12-09	Europe / Bosnia and Herzegovina / Mostar
EPI_ISL_7380156	2021-11-05	2021-12-09	Europe / Bosnia and Herzegovina / Siroki Brijeg
EPI_ISL_7380157	2021-11-05	2021-12-09	Europe / Bosnia and Herzegovina / Mostar
EPI_ISL_7380158	2021-11-11	2021-12-09	Europe / Bosnia and Herzegovina / Grude
EPI_ISL_7380159	2021-11-11	2021-12-09	Europe / Bosnia and Herzegovina / Jablanica
EPI_ISL_7380161	2021-11-04	2021-12-09	Europe / Bosnia and Herzegovina / Livno
EPI_ISL_7380163	2021-11-05	2021-12-09	Europe / Bosnia and Herzegovina / Tomislavgrad
EPI_ISL_7547062	2021-12-02	2021-12-11	Europe / Bosnia and Herzegovina / Ilidza
EPI_ISL_7547063	2021-12-02	2021-12-11	Europe / Bosnia and Herzegovina / Ilidza
EPI_ISL_7727474	2021-11-05	2021-12-16	Europe / Bosnia and Herzegovina / Posusje
EPI_ISL_7727487	2021-11-11	2021-12-16	Europe / Bosnia and Herzegovina / Mostar
EPI_ISL_7727493	2021-11-07	2021-12-16	Europe / Bosnia and Herzegovina / Jablanica
EPI_ISL_7727497	2021-11-07	2021-12-16	Europe / Bosnia and Herzegovina / Mostar
EPI_ISL_7727501	2021-11-09	2021-12-16	Europe / Bosnia and Herzegovina / Grude
EPI_ISL_7727555	2021-11-13	2021-12-16	Europe / Bosnia and Herzegovina / Jablanica
EPI_ISL_7727618	2021-11-13	2021-12-16	Europe / Bosnia and Herzegovina / Mostar
EPI_ISL_7727631	2021-11-15	2021-12-16	Europe / Bosnia and Herzegovina / Mostar
EPI_ISL_7727636	2021-11-12	2021-12-16	Europe / Bosnia and Herzegovina / Rama
EPI_ISL_7727640	2021-11-15	2021-12-16	Europe / Bosnia and Herzegovina / Mostar
EPI_ISL_7970948	2021-11-22	2021-12-22	Europe / Bosnia and Herzegovina / Mostar
EPI_ISL_7970949	2021-11-23	2021-12-22	Europe / Bosnia and Herzegovina / Mostar
EPI_ISL_7970950	2021-11-18	2021-12-22	Europe / Bosnia and Herzegovina / Mostar
EPI_ISL_7970951	2021-11-20	2021-12-22	Europe / Bosnia and Herzegovina / Mostar
EPI_ISL_7970952	2021-11-23	2021-12-22	Europe / Bosnia and Herzegovina / Grude
EPI_ISL_7970953	2021-11-22	2021-12-22	Europe / Bosnia and Herzegovina / Mostar
EPI_ISL_7970954	2021-11-18	2021-12-22	Europe / Bosnia and Herzegovina / Tomislavgrad
EPI_ISL_7970955	2021-11-19	2021-12-22	Europe / Bosnia and Herzegovina / Mostar
EPI_ISL_7970956	2021-11-19	2021-12-22	Europe / Bosnia and Herzegovina / Mostar
EPI_ISL_7970957	2021-11-21	2021-12-22	Europe / Bosnia and Herzegovina / Mostar
EPI_ISL_7970958	2021-11-19	2021-12-22	Europe / Bosnia and Herzegovina / Ljubuski
EPI_ISL_7970959	2021-11-19	2021-12-22	Europe / Bosnia and Herzegovina / Tomislavgrad
EPI_ISL_7970960	2021-11-23	2021-12-22	Europe / Bosnia and Herzegovina / Stolac
EPI_ISL_7970961	2021-11-24	2021-12-22	Europe / Bosnia and Herzegovina / Siroki Brijeg
EPI_ISL_7970962	2021-11-19	2021-12-22	Europe / Bosnia and Herzegovina / Siroki Brijeg
EPI_ISL_7970963	2021-11-23	2021-12-22	Europe / Bosnia and Herzegovina / Mostar
EPI_ISL_7970964	2021-11-24	2021-12-22	Europe / Bosnia and Herzegovina / Mostar
EPI_ISL_7970965	2021-11-18	2021-12-22	Europe / Bosnia and Herzegovina / Mostar
EPI_ISL_7970966	2021-11-23	2021-12-22	Europe / Bosnia and Herzegovina / Mostar
EPI_ISL_7970967	2021-11-18	2021-12-22	Europe / Bosnia and Herzegovina / Capljina
EPI_ISL_7970968	2021-11-21	2021-12-22	Europe / Bosnia and Herzegovina / Mostar
EPI_ISL_7970969	2021-11-23	2021-12-22	Europe / Bosnia and Herzegovina / Mostar
EPI_ISL_7970970	2021-11-20	2021-12-22	Europe / Bosnia and Herzegovina / Mostar
EPI_ISL_7970971	2021-11-23	2021-12-22	Europe / Bosnia and Herzegovina / Mostar
EPI_ISL_7970972	2021-11-21	2021-12-22	Europe / Bosnia and Herzegovina / Mostar
EPI_ISL_7970973	2021-11-19	2021-12-22	Europe / Bosnia and Herzegovina / Ljubuski
EPI_ISL_7970974	2021-11-23	2021-12-22	Europe / Bosnia and Herzegovina / Posusje
EPI_ISL_7970975	2021-11-18	2021-12-22	Europe / Bosnia and Herzegovina / Mostar
EPI_ISL_7970976	2021-11-24	2021-12-22	Europe / Bosnia and Herzegovina / Mostar
EPI_ISL_7970977	2021-11-24	2021-12-22	Europe / Bosnia and Herzegovina / Mostar
EPI_ISL_8141895	2021-12-02	2021-12-28	Europe / Bosnia and Herzegovina / Mostar
EPI_ISL_8141896	2021-11-27	2021-12-28	Europe / Bosnia and Herzegovina / Mostar
EPI_ISL_8141897	2021-11-27	2021-12-28	Europe / Bosnia and Herzegovina / Mostar
EPI_ISL_8141898	2021-12-01	2021-12-28	Europe / Bosnia and Herzegovina / Tomislavgrad
EPI_ISL_8141899	2021-12-01	2021-12-28	Europe / Bosnia and Herzegovina / Livno
EPI_ISL_8141900	2021-11-27	2021-12-28	Europe / Bosnia and Herzegovina / Mostar
EPI_ISL_8141901	2021-12-01	2021-12-28	Europe / Bosnia and Herzegovina / Mostar
EPI_ISL_8141902	2021-11-30	2021-12-28	Europe / Bosnia and Herzegovina / Mostar
EPI_ISL_8141903	2021-11-30	2021-12-28	Europe / Bosnia and Herzegovina / Capljina
EPI_ISL_8141904	2021-11-30	2021-12-28	Europe / Bosnia and Herzegovina / Mostar
EPI_ISL_8207837	2021-12-08	2021-12-30	Europe / Bosnia and Herzegovina / Livno
EPI_ISL_8207840	2021-12-09	2021-12-30	Europe / Bosnia and Herzegovina / Tomislavgrad
EPI_ISL_8207841	2021-12-09	2021-12-30	Europe / Bosnia and Herzegovina / Mostar
EPI_ISL_8207843	2021-12-08	2021-12-30	Europe / Bosnia and Herzegovina / Mostar
EPI_ISL_8207848	2021-12-05	2021-12-30	Europe / Bosnia and Herzegovina / Mostar
EPI_ISL_8207855	2021-12-06	2021-12-30	Europe / Bosnia and Herzegovina / Mostar
EPI_ISL_8207858	2021-12-08	2021-12-30	Europe / Bosnia and Herzegovina / Mostar
EPI_ISL_8207861	2021-12-03	2021-12-30	Europe / Bosnia and Herzegovina / Ljubuski
EPI_ISL_8207868	2021-12-07	2021-12-30	Europe / Bosnia and Herzegovina / Mostar
EPI_ISL_8207879	2021-12-08	2021-12-30	Europe / Bosnia and Herzegovina / Livno
EPI_ISL_8207883	2021-12-08	2021-12-30	Europe / Bosnia and Herzegovina / Mostar
EPI_ISL_8207889	2021-12-03	2021-12-30	Europe / Bosnia and Herzegovina / Posusje
EPI_ISL_8207890	2021-12-08	2021-12-30	Europe / Bosnia and Herzegovina / Mostar
EPI_ISL_8207891	2021-12-03	2021-12-30	Europe / Bosnia and Herzegovina / Posusje
EPI_ISL_8207896	2021-12-08	2021-12-30	Europe / Bosnia and Herzegovina / Mostar
EPI_ISL_8207897	2021-12-03	2021-12-30	Europe / Bosnia and Herzegovina / Ljubuski
EPI_ISL_8207898	2021-12-04	2021-12-30	Europe / Bosnia and Herzegovina / Grude
EPI_ISL_8207902	2021-12-08	2021-12-30	Europe / Bosnia and Herzegovina / Mostar
EPI_ISL_8207903	2021-12-07	2021-12-30	Europe / Bosnia and Herzegovina / Mostar
EPI_ISL_8207904	2021-12-06	2021-12-30	Europe / Bosnia and Herzegovina / Livno
EPI_ISL_8207905	2021-12-06	2021-12-30	Europe / Bosnia and Herzegovina / Tomislavgrad
EPI_ISL_8207908	2021-12-07	2021-12-30	Europe / Bosnia and Herzegovina / Mostar
EPI_ISL_8207909	2021-12-04	2021-12-30	Europe / Bosnia and Herzegovina / Posusje
EPI_ISL_8383224	2021-12-10	2022-01-05	Europe / Bosnia and Herzegovina / Citluk
EPI_ISL_8383231	2021-12-13	2022-01-05	Europe / Bosnia and Herzegovina / Mostar
EPI_ISL_8383232	2021-12-13	2022-01-05	Europe / Bosnia and Herzegovina / Siroki Brijeg
EPI_ISL_8383233	2021-12-10	2022-01-05	Europe / Bosnia and Herzegovina / Mostar
EPI_ISL_8383235	2021-12-10	2022-01-05	Europe / Bosnia and Herzegovina / Mostar
EPI_ISL_8383240	2021-12-09	2022-01-05	Europe / Bosnia and Herzegovina / Mostar
EPI_ISL_8383243	2021-12-15	2022-01-05	Europe / Bosnia and Herzegovina / Mostar
EPI_ISL_8383247	2021-12-13	2022-01-05	Europe / Bosnia and Herzegovina / Posusje
EPI_ISL_8383255	2021-12-12	2022-01-05	Europe / Bosnia and Herzegovina / Mostar
EPI_ISL_8383256	2021-12-13	2022-01-05	Europe / Bosnia and Herzegovina / Mostar
EPI_ISL_8383260	2021-12-15	2022-01-05	Europe / Bosnia and Herzegovina / Livno
EPI_ISL_8383263	2021-12-13	2022-01-05	Europe / Bosnia and Herzegovina / Jablanica
EPI_ISL_8383264	2021-12-14	2022-01-05	Europe / Bosnia and Herzegovina / Mostar
EPI_ISL_8383266	2021-12-14	2022-01-05	Europe / Bosnia and Herzegovina / Mostar
EPI_ISL_8383268	2021-12-16	2022-01-05	Europe / Bosnia and Herzegovina / Mostar
EPI_ISL_8383274	2021-12-10	2022-01-05	Europe / Bosnia and Herzegovina / Stolac
EPI_ISL_8383275	2021-12-14	2022-01-05	Europe / Bosnia and Herzegovina / Siroki Brijeg
EPI_ISL_8383276	2021-12-12	2022-01-05	Europe / Bosnia and Herzegovina / Mostar
EPI_ISL_8383278	2021-12-10	2022-01-05	Europe / Bosnia and Herzegovina / Mostar
EPI_ISL_8383280	2021-12-15	2022-01-05	Europe / Bosnia and Herzegovina / Mostar
EPI_ISL_8383281	2021-12-14	2022-01-05	Europe / Bosnia and Herzegovina / Grude
EPI_ISL_8383283	2021-12-10	2022-01-05	Europe / Bosnia and Herzegovina / Tomislavgrad
EPI_ISL_8383284	2021-12-10	2022-01-05	Europe / Bosnia and Herzegovina / Mostar
EPI_ISL_8383285	2021-12-10	2022-01-05	Europe / Bosnia and Herzegovina / Livno
EPI_ISL_8383288	2021-12-11	2022-01-05	Europe / Bosnia and Herzegovina / Grude
EPI_ISL_8383289	2021-12-11	2022-01-05	Europe / Bosnia and Herzegovina / Mostar
EPI_ISL_8383297	2021-12-13	2022-01-05	Europe / Bosnia and Herzegovina / Citluk
EPI_ISL_8383298	2021-12-13	2022-01-05	Europe / Bosnia and Herzegovina / Capljina
EPI_ISL_8383300	2021-12-10	2022-01-05	Europe / Bosnia and Herzegovina / Mostar
EPI_ISL_8383302	2021-12-13	2022-01-05	Europe / Bosnia and Herzegovina / Tomislavgrad
EPI_ISL_8383303	2021-12-13	2022-01-05	Europe / Bosnia and Herzegovina / Posusje
EPI_ISL_8383304	2021-12-16	2022-01-05	Europe / Bosnia and Herzegovina / Mostar
EPI_ISL_8383305	2021-12-16	2022-01-05	Europe / Bosnia and Herzegovina / Mostar
EPI_ISL_8467775	2021-12-24	2022-01-07	Europe / Bosnia and Herzegovina / Sarajevo
EPI_ISL_8467952	2021-12-24	2022-01-07	Europe / Bosnia and Herzegovina / Mostar
EPI_ISL_8468322	2021-12-23	2022-01-07	Europe / Bosnia and Herzegovina / Stolac
EPI_ISL_8468540	2021-12-24	2022-01-07	Europe / Bosnia and Herzegovina / Konjic
EPI_ISL_8479643	2021-12-27	2022-01-07	Europe / Bosnia and Herzegovina / Vogosca
EPI_ISL_8479644	2021-12-27	2022-01-07	Europe / Bosnia and Herzegovina / Sarajevo
EPI_ISL_8479645	2021-12-27	2022-01-07	Europe / Bosnia and Herzegovina / Sarajevo
EPI_ISL_8479646	2021-12-27	2022-01-07	Europe / Bosnia and Herzegovina / Sarajevo
EPI_ISL_8479647	2021-12-27	2022-01-07	Europe / Bosnia and Herzegovina / Sarajevo
EPI_ISL_8479648	2021-12-27	2022-01-07	Europe / Bosnia and Herzegovina / Sarajevo
EPI_ISL_8479649	2021-12-27	2022-01-07	Europe / Bosnia and Herzegovina / Sarajevo
EPI_ISL_8479650	2021-12-27	2022-01-07	Europe / Bosnia and Herzegovina / Sarajevo
EPI_ISL_8479651	2021-12-27	2022-01-07	Europe / Bosnia and Herzegovina / Ilidza
EPI_ISL_8479652	2021-12-27	2022-01-07	Europe / Bosnia and Herzegovina / Sarajevo
EPI_ISL_8479654	2021-12-27	2022-01-07	Europe / Bosnia and Herzegovina / Sarajevo
EPI_ISL_8479655	2021-12-27	2022-01-07	Europe / Bosnia and Herzegovina / Ilidza
EPI_ISL_8782537	2021-12-16	2022-01-17	Europe / Bosnia and Herzegovina / Livno
EPI_ISL_8782538	2021-12-16	2022-01-17	Europe / Bosnia and Herzegovina / Tomislavgrad
EPI_ISL_8782539	2021-12-22	2022-01-17	Europe / Bosnia and Herzegovina / Livno
EPI_ISL_8782540	2021-12-21	2022-01-17	Europe / Bosnia and Herzegovina / Citluk
EPI_ISL_8782541	2021-12-22	2022-01-17	Europe / Bosnia and Herzegovina / Ljubuski
EPI_ISL_8782542	2021-12-20	2022-01-17	Europe / Bosnia and Herzegovina / Livno
EPI_ISL_8782543	2021-12-20	2022-01-17	Europe / Bosnia and Herzegovina / Citluk
EPI_ISL_8782544	2021-12-22	2022-01-17	Europe / Bosnia and Herzegovina / Livno
EPI_ISL_8782545	2021-12-22	2022-01-17	Europe / Bosnia and Herzegovina / Kupres
EPI_ISL_8782546	2021-12-22	2022-01-17	Europe / Bosnia and Herzegovina / Livno
EPI_ISL_8782547	2021-12-22	2022-01-17	Europe / Bosnia and Herzegovina / Mostar
EPI_ISL_8782548	2021-12-17	2022-01-17	Europe / Bosnia and Herzegovina / Mostar
EPI_ISL_8782549	2021-12-23	2022-01-17	Europe / Bosnia and Herzegovina / Mostar
EPI_ISL_8782550	2021-12-17	2022-01-17	Europe / Bosnia and Herzegovina / Mostar
EPI_ISL_8782551	2021-12-23	2022-01-17	Europe / Bosnia and Herzegovina / Ljubuski
EPI_ISL_8782552	2021-12-16	2022-01-17	Europe / Bosnia and Herzegovina / Siroki Brijeg
EPI_ISL_8782553	2021-12-23	2022-01-17	Europe / Bosnia and Herzegovina / Mostar
EPI_ISL_8782554	2021-12-21	2022-01-17	Europe / Bosnia and Herzegovina / Mostar
EPI_ISL_8782555	2021-12-21	2022-01-17	Europe / Bosnia and Herzegovina / Tomislavgrad
EPI_ISL_8782556	2021-12-17	2022-01-17	Europe / Bosnia and Herzegovina / Siroki Brijeg
EPI_ISL_8782557	2021-12-17	2022-01-17	Europe / Bosnia and Herzegovina / Mostar
EPI_ISL_8782558	2021-12-17	2022-01-17	Europe / Bosnia and Herzegovina / Mostar
EPI_ISL_8782559	2021-12-18	2022-01-17	Europe / Bosnia and Herzegovina / Mostar
EPI_ISL_8782560	2021-12-16	2022-01-17	Europe / Bosnia and Herzegovina / Siroki Brijeg
EPI_ISL_8782561	2021-12-20	2022-01-17	Europe / Bosnia and Herzegovina / Livno
EPI_ISL_8782562	2021-12-17	2022-01-17	Europe / Bosnia and Herzegovina / Mostar
EPI_ISL_8782563	2021-12-21	2022-01-17	Europe / Bosnia and Herzegovina / Mostar
EPI_ISL_8782564	2021-12-22	2022-01-17	Europe / Bosnia and Herzegovina / Mostar
EPI_ISL_8782565	2021-12-23	2022-01-17	Europe / Bosnia and Herzegovina / Mostar
EPI_ISL_8782566	2021-12-22	2022-01-17	Europe / Bosnia and Herzegovina / Konjic
EPI_ISL_8782567	2021-12-20	2022-01-17	Europe / Bosnia and Herzegovina / Ljubuski
EPI_ISL_8782568	2021-12-18	2022-01-17	Europe / Bosnia and Herzegovina / Mostar
EPI_ISL_8782569	2021-12-21	2022-01-17	Europe / Bosnia and Herzegovina / Mostar
EPI_ISL_8782570	2021-12-22	2022-01-17	Europe / Bosnia and Herzegovina / Livno
EPI_ISL_8782571	2021-12-20	2022-01-17	Europe / Bosnia and Herzegovina / Tomislavgrad
EPI_ISL_8782572	2021-12-21	2022-01-17	Europe / Bosnia and Herzegovina / Mostar
EPI_ISL_8782573	2021-12-17	2022-01-17	Europe / Bosnia and Herzegovina / Ljubuski
EPI_ISL_8782574	2021-12-20	2022-01-17	Europe / Bosnia and Herzegovina / Citluk
EPI_ISL_8782575	2021-12-23	2022-01-17	Europe / Bosnia and Herzegovina / Mostar
EPI_ISL_8782576	2021-12-21	2022-01-17	Europe / Bosnia and Herzegovina / Mostar
EPI_ISL_8782577	2021-12-23	2022-01-17	Europe / Bosnia and Herzegovina / Stolac
EPI_ISL_8782578	2021-12-20	2022-01-17	Europe / Bosnia and Herzegovina / Citluk
EPI_ISL_8782579	2021-12-21	2022-01-17	Europe / Bosnia and Herzegovina / Mostar
EPI_ISL_8782580	2021-12-21	2022-01-17	Europe / Bosnia and Herzegovina / Mostar
EPI_ISL_8782581	2021-12-22	2022-01-17	Europe / Bosnia and Herzegovina / Jablanica
EPI_ISL_8782582	2021-12-21	2022-01-17	Europe / Bosnia and Herzegovina / Mostar
EPI_ISL_8782583	2021-12-23	2022-01-17	Europe / Bosnia and Herzegovina / Mostar
EPI_ISL_8782584	2021-12-23	2022-01-17	Europe / Bosnia and Herzegovina / Mostar
EPI_ISL_8782585	2021-12-22	2022-01-17	Europe / Bosnia and Herzegovina / Mostar
EPI_ISL_8782586	2021-12-21	2022-01-17	Europe / Bosnia and Herzegovina / Citluk
EPI_ISL_8782587	2021-12-21	2022-01-17	Europe / Bosnia and Herzegovina / Mostar
EPI_ISL_8782588	2021-12-23	2022-01-17	Europe / Bosnia and Herzegovina / Mostar
EPI_ISL_8782589	2021-12-21	2022-01-17	Europe / Bosnia and Herzegovina / Livno
EPI_ISL_8782590	2021-12-18	2022-01-17	Europe / Bosnia and Herzegovina / Mostar
EPI_ISL_8782591	2021-12-19	2022-01-17	Europe / Bosnia and Herzegovina / Mostar
EPI_ISL_9015680	2021-12-23	2022-01-24	Europe / Bosnia and Herzegovina / Citluk
EPI_ISL_9015681	2021-12-24	2022-01-24	Europe / Bosnia and Herzegovina / Jablanica
EPI_ISL_9015682	2021-12-23	2022-01-24	Europe / Bosnia and Herzegovina / Livno
EPI_ISL_9015683	2021-12-29	2022-01-24	Europe / Bosnia and Herzegovina / Mostar
EPI_ISL_9015684	2021-12-28	2022-01-24	Europe / Bosnia and Herzegovina / Mostar
EPI_ISL_9015685	2021-12-29	2022-01-24	Europe / Bosnia and Herzegovina / Mostar
EPI_ISL_9015686	2021-12-28	2022-01-24	Europe / Bosnia and Herzegovina / Mostar
EPI_ISL_9015687	2021-12-23	2022-01-24	Europe / Bosnia and Herzegovina / Mostar
EPI_ISL_9015688	2021-12-26	2022-01-24	Europe / Bosnia and Herzegovina / Mostar
EPI_ISL_9015689	2021-12-18	2022-01-24	Europe / Bosnia and Herzegovina / Mostar
EPI_ISL_9015690	2021-12-29	2022-01-24	Europe / Bosnia and Herzegovina / Ravno
EPI_ISL_9015691	2021-12-26	2022-01-24	Europe / Bosnia and Herzegovina / Siroki Brijeg
EPI_ISL_9015692	2021-12-28	2022-01-24	Europe / Bosnia and Herzegovina / Siroki Brijeg
EPI_ISL_9015693	2021-12-26	2022-01-24	Europe / Bosnia and Herzegovina / Tomislavgrad
EPI_ISL_9015694	2021-12-28	2022-01-24	Europe / Bosnia and Herzegovina / Capljina
EPI_ISL_9015696	2021-12-28	2022-01-24	Europe / Bosnia and Herzegovina / Mostar
EPI_ISL_9074975	2022-01-04	2022-01-25	Europe / Bosnia and Herzegovina / Mostar
EPI_ISL_9074976	2022-01-04	2022-01-25	Europe / Bosnia and Herzegovina / Mostar
EPI_ISL_9074977	2022-01-01	2022-01-25	Europe / Bosnia and Herzegovina / Mostar
EPI_ISL_9074978	2022-01-02	2022-01-25	Europe / Bosnia and Herzegovina / Mostar
EPI_ISL_9074979	2022-01-03	2022-01-25	Europe / Bosnia and Herzegovina / Mostar
EPI_ISL_9074980	2022-01-05	2022-01-25	Europe / Bosnia and Herzegovina / Mostar
EPI_ISL_9074981	2022-01-03	2022-01-25	Europe / Bosnia and Herzegovina / Mostar
EPI_ISL_9074982	2022-01-03	2022-01-25	Europe / Bosnia and Herzegovina / Ljubuski
EPI_ISL_9074983	2021-12-31	2022-01-25	Europe / Bosnia and Herzegovina / Livno
EPI_ISL_9074984	2021-12-31	2022-01-25	Europe / Bosnia and Herzegovina / Mostar
EPI_ISL_9074985	2022-01-03	2022-01-25	Europe / Bosnia and Herzegovina / Mostar
EPI_ISL_9074986	2021-12-31	2022-01-25	Europe / Bosnia and Herzegovina / Livno
EPI_ISL_9074987	2022-01-03	2022-01-25	Europe / Bosnia and Herzegovina / Citluk
EPI_ISL_9074988	2022-01-03	2022-01-25	Europe / Bosnia and Herzegovina / Mostar
EPI_ISL_9074990	2022-01-04	2022-01-25	Europe / Bosnia and Herzegovina / Kupres
EPI_ISL_9074991	2022-01-05	2022-01-25	Europe / Bosnia and Herzegovina / Mostar
EPI_ISL_9074992	2022-01-04	2022-01-25	Europe / Bosnia and Herzegovina / Grude
EPI_ISL_9074993	2021-12-31	2022-01-25	Europe / Bosnia and Herzegovina / Mostar
EPI_ISL_9074994	2022-01-05	2022-01-25	Europe / Bosnia and Herzegovina / Mostar
EPI_ISL_9074995	2022-01-04	2022-01-25	Europe / Bosnia and Herzegovina / Siroki Brijeg
EPI_ISL_9074996	2022-01-06	2022-01-25	Europe / Bosnia and Herzegovina / Capljina
EPI_ISL_9074997	2022-01-03	2022-01-25	Europe / Bosnia and Herzegovina / Ljubuski
EPI_ISL_9074998	2022-01-04	2022-01-25	Europe / Bosnia and Herzegovina / Siroki Brijeg
EPI_ISL_9075000	2022-01-03	2022-01-25	Europe / Bosnia and Herzegovina / Bileca
EPI_ISL_9075001	2022-01-04	2022-01-25	Europe / Bosnia and Herzegovina / Mostar
EPI_ISL_9075002	2022-01-06	2022-01-25	Europe / Bosnia and Herzegovina / Mostar
EPI_ISL_9075003	2022-01-05	2022-01-25	Europe / Bosnia and Herzegovina / Sarajevo
EPI_ISL_9075004	2022-01-06	2022-01-25	Europe / Bosnia and Herzegovina / Sarajevo
EPI_ISL_9075005	2022-01-10	2022-01-25	Europe / Bosnia and Herzegovina / Sarajevo
EPI_ISL_9075006	2021-12-31	2022-01-25	Europe / Bosnia and Herzegovina / Ljubuski
EPI_ISL_9075007	2022-01-03	2022-01-25	Europe / Bosnia and Herzegovina / Mostar
EPI_ISL_9075008	2022-01-03	2022-01-25	Europe / Bosnia and Herzegovina / Stolac
EPI_ISL_9075009	2022-01-05	2022-01-25	Europe / Bosnia and Herzegovina / Mostar
EPI_ISL_9075010	2022-01-03	2022-01-25	Europe / Bosnia and Herzegovina / Siroki Brijeg
EPI_ISL_9075011	2022-01-04	2022-01-25	Europe / Bosnia and Herzegovina / Grude
EPI_ISL_9075012	2022-01-06	2022-01-25	Europe / Bosnia and Herzegovina / Capljina
EPI_ISL_9075013	2022-01-03	2022-01-25	Europe / Bosnia and Herzegovina / Mostar
EPI_ISL_9075014	2022-01-04	2022-01-25	Europe / Bosnia and Herzegovina / Grude
EPI_ISL_9075015	2022-01-06	2022-01-25	Europe / Bosnia and Herzegovina / Mostar
EPI_ISL_9075016	2022-01-06	2022-01-25	Europe / Bosnia and Herzegovina / Mostar
EPI_ISL_9075017	2022-01-06	2022-01-25	Europe / Bosnia and Herzegovina / Capljina
EPI_ISL_9075018	2022-01-06	2022-01-25	Europe / Bosnia and Herzegovina / Capljina
EPI_ISL_9075019	2022-01-04	2022-01-25	Europe / Bosnia and Herzegovina / Grude
EPI_ISL_9075020	2022-01-05	2022-01-25	Europe / Bosnia and Herzegovina / Mostar
EPI_ISL_9075021	2022-01-04	2022-01-25	Europe / Bosnia and Herzegovina / Mostar
EPI_ISL_9075022	2022-01-05	2022-01-25	Europe / Bosnia and Herzegovina / Mostar
EPI_ISL_9075023	2022-01-03	2022-01-25	Europe / Bosnia and Herzegovina / Ljubuski
EPI_ISL_9075024	2022-01-03	2022-01-25	Europe / Bosnia and Herzegovina / Siroki Brijeg
EPI_ISL_9075025	2022-01-05	2022-01-25	Europe / Bosnia and Herzegovina / Mostar
EPI_ISL_9075026	2022-01-05	2022-01-25	Europe / Bosnia and Herzegovina / Stolac
EPI_ISL_9075027	2022-01-05	2022-01-25	Europe / Bosnia and Herzegovina / Mostar
EPI_ISL_9075028	2022-01-05	2022-01-25	Europe / Bosnia and Herzegovina / Stolac
EPI_ISL_9075029	2022-01-05	2022-01-25	Europe / Bosnia and Herzegovina / Mostar
EPI_ISL_9075030	2021-12-31	2022-01-25	Europe / Bosnia and Herzegovina / Livno
EPI_ISL_9075031	2021-12-31	2022-01-25	Europe / Bosnia and Herzegovina / Livno
EPI_ISL_9075034	2022-01-02	2022-01-25	Europe / Bosnia and Herzegovina / Mostar
EPI_ISL_9075035	2022-01-02	2022-01-25	Europe / Bosnia and Herzegovina / Mostar
EPI_ISL_910334	2021-01-11	2021-02-01	Europe / Bosnia and Herzegovina / Sarajevo
EPI_ISL_918407	2021-01-11	2021-02-03	Europe / Bosnia and Herzegovina / Sarajevo
EPI_ISL_922076	2021-01-10	2021-02-03	Europe / Bosnia and Herzegovina / Sarajevo
EPI_ISL_955142	2020-07-15	2021-02-08	Europe / Bosnia and Herzegovina / Sarajevo
EPI_ISL_955144	2020-08-20	2021-02-08	Europe / Bosnia and Herzegovina / Sarajevo
EPI_ISL_955146	2020-09-02	2021-02-08	Europe / Bosnia and Herzegovina / Sarajevo
EPI_ISL_955148	2020-09-14	2021-02-08	Europe / Bosnia and Herzegovina / Sarajevo
EPI_ISL_955150	2020-10-06	2021-02-08	Europe / Bosnia and Herzegovina / Sarajevo
EPI_ISL_955151	2020-10-28	2021-02-08	Europe / Bosnia and Herzegovina / Sarajevo
EPI_ISL_955155	2020-11-04	2021-02-08	Europe / Bosnia and Herzegovina / Mostar
EPI_ISL_955156	2020-11-28	2021-02-08	Europe / Bosnia and Herzegovina / Sarajevo
EPI_ISL_955169	2020-12-03	2021-02-08	Europe / Bosnia and Herzegovina / Zenica
EPI_ISL_955170	2020-12-03	2021-02-08	Europe / Bosnia and Herzegovina / Vogosca
EPI_ISL_955171	2020-12-17	2021-02-08	Europe / Bosnia and Herzegovina / Zenica
EPI_ISL_955173	2020-12-25	2021-02-08	Europe / Bosnia and Herzegovina / Sarajevo
EPI_ISL_955184	2021-01-05	2021-02-08	Europe / Bosnia and Herzegovina / Sarajevo
EPI_ISL_955185	2021-01-07	2021-02-08	Europe / Bosnia and Herzegovina / Sarajevo
EPI_ISL_955186	2021-01-15	2021-02-08	Europe / Bosnia and Herzegovina / Sarajevo
EPI_ISL_955187	2021-01-16	2021-02-08	Europe / Bosnia and Herzegovina / Sarajevo
EPI_ISL_955188	2021-01-21	2021-02-08	Europe / Bosnia and Herzegovina / Zenica
EPI_ISL_955210	2021-01-21	2021-02-08	Europe / Bosnia and Herzegovina / Zenica
EPI_ISL_955211	2021-01-05	2021-02-08	Europe / Bosnia and Herzegovina / Sarajevo
EPI_ISL_955229	2021-01-21	2021-02-08	Europe / Bosnia and Herzegovina / Prnjavor
EPI_ISL_959650	2021-01-10	2021-02-09	Europe / Bosnia and Herzegovina
EPI_ISL_964882	2021-01-11	2021-02-10	Europe / Bosnia and Herzegovina / Sarajevo
